proc,tcalc,tcomm,ttotal
4,0.014904,0.002963,0.017867
8,0.009923,0.015658,0.025581
12,0.013111,0.095231,0.108342
16,0.008979,0.317246,0.326225